0,"{""hasInterceptItem"":""true"",""modelName"":""\""Linear Regression\"""",""labelCol"":""\""label\"""",""linearModelType"":""\""LinearReg\"""",""vectorSize"":""4""}",
1048576,"{""featureColNames"":[""f0"",""f1"",""f2"",""f3""],""featureColTypes"":[""int"",""int"",""int"",""int""],""coefVector"":{""data"":[-20.50822657980299,4.999372535736816,1.999677805925865,1.0007719416694707,3.2788969898323166]},""coefVectors"":null,""convergenceInfo"":[477.0326255,270.7320432678385,0.00625,136.14244415285032,270.7320432678385,0.025,128.2042537261025,132.30178332258043,0.1,102.98829481589333,128.9848655594871,0.4,37.06063125831971,114.65579156617304,1.6,1.8581151835517677,69.66941346798038,1.6,0.38796812692164834,12.837964674883217,1.6,0.26867754012851747,2.374341718365234,1.6,0.1772916181001027,0.3165357916570483,4.0,0.011004973735151021,0.8483446496652411,4.0,4.200318598870244E-4,0.8868520734144751,4.0,2.4433203493749912E-6,0.24655214579020115,4.0,2.443320349378642E-6,0.006666786380927597,0.25,1.2833946533817008E-6,0.006666786380927597,1.0,2.153698765459349E-7,0.006851301650088619,1.0]}",
