0,"{""hasInterceptItem"":""true"",""modelName"":""\""Linear Regression\"""",""labelCol"":""\""label\"""",""linearModelType"":""\""LinearReg\"""",""vectorSize"":""4""}",
1048576,"{""featureColNames"":[""f0"",""f1"",""f2"",""f3""],""featureColTypes"":[""int"",""int"",""int"",""int""],""coefVector"":{""data"":[-20.508226579803058,4.999372535736819,1.9996778059258666,1.000771941669471,3.278896989832322]},""coefVectors"":null,""convergenceInfo"":[477.0326255,270.7320432678385,0.00625,136.14244415285032,270.7320432678385,0.025,128.2042537261025,132.3017833225804,0.1,102.98829481589314,128.9848655594871,0.4,37.06063125831968,114.65579156617288,1.6,1.858115183551782,69.66941346798036,1.6,0.38796812692166405,12.837964674883192,1.6,0.2686775401285282,2.374341718365195,1.6,0.17729161810010965,0.31653579165705403,4.0,0.011004973735153611,0.8483446496652195,4.0,4.200318598871195E-4,0.8868520734145339,4.0,2.4433203493788096E-6,0.24655214579020937,4.0,2.4433203493767785E-6,0.006666786380947442,0.25,1.2833946533808115E-6,0.006666786380947442,1.0,2.153698765438254E-7,0.006851301650104568,1.0]}",
