0,"{""hasInterceptItem"":""true"",""modelName"":""\""Linear Regression\"""",""labelCol"":""\""label\"""",""linearModelType"":""\""LinearReg\"""",""vectorSize"":""4""}",
1048576,"{""featureColNames"":[""f0"",""f1"",""f2"",""f3""],""featureColTypes"":[""int"",""int"",""int"",""int""],""coefVector"":{""data"":[-20.50822657980315,4.99937253573682,1.9996778059258662,1.0007719416694667,3.278896989832332]},""coefVectors"":null,""convergenceInfo"":[477.03262550000005,270.7320432678385,0.00625,136.1424441528503,270.7320432678385,0.025,128.2042537261025,132.3017833225804,0.1,102.98829481589306,128.98486555948713,0.4,37.06063125831967,114.65579156617282,1.6,1.858115183551759,69.66941346798038,1.6,0.38796812692164795,12.837964674883146,1.6,0.26867754012851686,2.374341718365159,1.6,0.17729161810010247,0.316535791657065,4.0,0.011004973735152548,0.8483446496652066,4.0,4.200318598870385E-4,0.8868520734145358,4.0,2.4433203493749912E-6,0.24655214579019716,4.0,2.443320349380139E-6,0.006666786380936187,0.25,1.2833946533839294E-6,0.006666786380936187,1.0,2.1536987654278374E-7,0.006851301650104448,1.0]}",
